<?xml version="1.0" encoding="UTF-8"?>
<configuration>

  <appender name="STDOUT" class="ch.qos.logback.core.ConsoleAppender">
    <encoder>
      <!-- %date{dd-MM-yyyy;HH:mm:ss.SSS} -->
      <pattern>%date{ISO8601} [%thread] %-5level %logger{36} - %msg %n
      </pattern>
    </encoder>
    <filter class="ch.qos.logback.classic.filter.ThresholdFilter">
      <level>TRACE</level>
    </filter>
  </appender>

  <appender name="FILE"
    class="ch.qos.logback.core.rolling.RollingFileAppender">
    <File>./logs/ilim-instruction-event-task.log</File>
    <rollingPolicy class="ch.qos.logback.core.rolling.TimeBasedRollingPolicy">
      <!-- daily rollover -->
      <FileNamePattern>./logs/ilim-instruction-event-task.%d{yyyy-MM-dd}.log
      </FileNamePattern>
      <!-- keep 30 days' worth of history -->
      <maxHistory>30</maxHistory>
    </rollingPolicy>
    <encoder>
      <!-- %d{HH:mm:ss.SSS} -->
      <Pattern>%d{HH:mm:ss.SSS} [%thread] %-5level %logger{35} - %msg %n
      </Pattern>
    </encoder>
  </appender>

  <appender name="ASYNC_FILE" class="ch.qos.logback.classic.AsyncAppender">
    <queueSize>5000</queueSize>
    <discardingThreshold>0</discardingThreshold>
    <appender-ref ref="FILE" />
  </appender>

  <logger name="com.ilim" additivity="false">
    <level value="DEBUG" />
    <appender-ref ref="STDOUT" />
    <appender-ref ref="ASYNC_FILE" />
  </logger>

  <root>
    <level value="DEBUG" />
    <appender-ref ref="STDOUT" />
    <appender-ref ref="ASYNC_FILE" />
  </root>

</configuration> 